Workbook

Sheet Field Map
C4: Current (A) | D4: B'L
C5: ='[1]+300A DATA'!J31 -> 299.962 | D5: ='[1]+300A DATA'!S31 -> 46683.929
C6: ='[1]+300A DATA'!J32 -> 269.964 | D6: ='[1]+300A DATA'!S32 -> 44123.97
C7: ='[1]+300A DATA'!J33 -> 239.97 | D7: ='[1]+300A DATA'!S33 -> 40727.798
C8: ='[1]+300A DATA'!J34 -> 209.974 | D8: ='[1]+300A DATA'!S34 -> 36447.107
C9: ='[1]+300A DATA'!J35 -> 179.977 | D9: ='[1]+300A DATA'!S35 -> 31391.942
C10: ='[1]+300A DATA'!J36 -> 149.975 | D10: ='[1]+300A DATA'!S36 -> 26310.373
C11: ='[1]+300A DATA'!J37 -> 119.98 | D11: ='[1]+300A DATA'!S37 -> 21109.221
C12: ='[1]+300A DATA'!J38 -> 89.987 | D12: ='[1]+300A DATA'!S38 -> 15877.751
C13: ='[1]+300A DATA'!J39 -> 59.989 | D13: ='[1]+300A DATA'!S39 -> 10633.252
C14: ='[1]+300A DATA'!J40 -> 29.993 | D14: ='[1]+300A DATA'!S40 -> 5361.8248
C15: ='[1]+300A DATA'!J41 -> 1.99 | D15: ='[1]+300A DATA'!S41 -> 471.70191
C16: ='[1]+300A DATA'!J42 -> 0 | D16: ='[1]0A Data'!S21 -> 0.0083416678
C17: =-'[1]-300A DATA'!J31 -> -29.993 | D17: ='[1]-300A DATA'!S31 -> -5148.3009
C18: =-'[1]-300A DATA'!J32 -> -59.991 | D18: ='[1]-300A DATA'!S32 -> -10413.746
C19: =-'[1]-300A DATA'!J33 -> -89.989 | D19: ='[1]-300A DATA'!S33 -> -15667.273
C20: =-'[1]-300A DATA'!J34 -> -119.984 | D20: ='[1]-300A DATA'!S34 -> -20897.73
C21: =-'[1]-300A DATA'!J35 -> -149.981 | D21: ='[1]-300A DATA'!S35 -> -26081.722
C22: =-'[1]-300A DATA'!J36 -> -179.978 | D22: ='[1]-300A DATA'!S36 -> -31204.132
C23: =-'[1]-300A DATA'!J37 -> -209.976 | D23: ='[1]-300A DATA'!S37 -> -36127.694
C24: =-'[1]-300A DATA'!J38 -> -239.976 | D24: ='[1]-300A DATA'!S38 -> -40456.471
C25: =-'[1]-300A DATA'!J39 -> -269.973 | D25: ='[1]-300A DATA'!S39 -> -43889.753
C26: =-'[1]-300A DATA'!J40 -> -299.964 | D26: ='[1]-300A DATA'!S40 -> -46680.378

Sheet Harmonics P3A QO1H01
B1: =('[2]Data P3A QO1H01 100A'!A2)&" measured on "&'[2]Data P3A QO1H01 100A'!A3 -> QO001014.fft measured on 10-08-2012, 15:25:47
H2: Probe Radius | J2: 3.699
B3: Relative Amplitudes at radius = | F3: 3.699 | G3: cm. | H3: Full Radius | J3: 5.08
B6: Corr Amps | D6: Curr | E6: 2 | F6: 3 | G6: 4 | H6: 5 | I6: 6 | J6: 7 | K6: 8 | L6: 9 | M6: 10 | N6: 11 | O6: 12 | P6: 13 | Q6: 14 | R6: 15 | S6: 16 | T6: 17 | U6: 18 | V6: 19 | W6: 20
B7: n = 2 | D7: (amps) | F7: (%) | G7: (%) | H7: (%) | I7: (%) | J7: (%) | K7: (%) | L7: (%) | M7: (%) | N7: (%) | O7: (%) | P7: (%) | Q7: (%) | R7: (%) | S7: (%) | T7: (%) | U7: (%) | V7: (%) | W7: (%)
A8: ='[2]Data P3A QO1H01 100A'!D22 -> 44217.253 | B8: =A8 -> 44217.253 | D8: ='[2]Data P3A QO1H01 100A'!A22 -> 99.983 | E8: =B8 -> 44217.253 | F8: =('[2]Data P3A QO1H01 100A'!E26*F$6/'[2]Probe Params'!G28)/('Harmonics P3A QO1H01'!$B8*2/'[2]Probe Params'!$F$26)*($F$3/'[2]Probe Params'!$B$29)^('Harmonics P3A QO1H01'!F$6-1) -> 0.00034872722 | G8: =('[2]Data P3A QO1H01 100A'!F26*G$6/'[2]Probe Params'!H28)/('Harmonics P3A QO1H01'!$B8*2/'[2]Probe Params'!$F$26)*($F$3/'[2]Probe Params'!$B$29)^('Harmonics P3A QO1H01'!G$6-1) -> 0.00035221331 | H8: =('[2]Data P3A QO1H01 100A'!G26*H$6/'[2]Probe Params'!I28)/('Harmonics P3A QO1H01'!$B8*2/'[2]Probe Params'!$F$26)*($F$3/'[2]Probe Params'!$B$29)^('Harmonics P3A QO1H01'!H$6-1) -> 0.0011400363 | I8: =('[2]Data P3A QO1H01 100A'!H26*I$6/'[2]Probe Params'!J28)/('Harmonics P3A QO1H01'!$B8*2/'[2]Probe Params'!$F$26)*($F$3/'[2]Probe Params'!$B$29)^('Harmonics P3A QO1H01'!I$6-1) -> 0.014375822 | J8: =('[2]Data P3A QO1H01 100A'!I26*J$6/'[2]Probe Params'!K28)/('Harmonics P3A QO1H01'!$B8*2/'[2]Probe Params'!$F$26)*($F$3/'[2]Probe Params'!$B$29)^('Harmonics P3A QO1H01'!J$6-1) -> 0.00012285614 | K8: =('[2]Data P3A QO1H01 100A'!J26*K$6/'[2]Probe Params'!L28)/('Harmonics P3A QO1H01'!$B8*2/'[2]Probe Params'!$F$26)*($F$3/'[2]Probe Params'!$B$29)^('Harmonics P3A QO1H01'!K$6-1) -> 2.1995986e-05 | L8: =('[2]Data P3A QO1H01 100A'!K26*L$6/'[2]Probe Params'!M28)/('Harmonics P3A QO1H01'!$B8*2/'[2]Probe Params'!$F$26)*($F$3/'[2]Probe Params'!$B$29)^('Harmonics P3A QO1H01'!L$6-1) -> 6.8861569e-05 | M8: =('[2]Data P3A QO1H01 100A'!L26*M$6/'[2]Probe Params'!N28)/('Harmonics P3A QO1H01'!$B8*2/'[2]Probe Params'!$F$26)*($F$3/'[2]Probe Params'!$B$29)^('Harmonics P3A QO1H01'!M$6-1) -> 0.00055957612 | ... W8: =('[2]Data P3A QO1H01 100A'!V26*W$6/'[2]Probe Params'!X28)/('Harmonics P3A QO1H01'!$B8*2/'[2]Probe Params'!$F$26)*($F$3/'[2]Probe Params'!$B$29)^('Harmonics P3A QO1H01'!W$6-1) -> 4.9381423e-05
A9: ='[2]Data P3A QO1H01 200A'!D22 -> 87505.65 | B9: =A9 -> 87505.65 | D9: ='[2]Data P3A QO1H01 200A'!A22 -> 199.972 | E9: =B9 -> 87505.65 | F9: =('[2]Data P3A QO1H01 200A'!E26*F$6/'[2]Probe Params'!G28)/('Harmonics P3A QO1H01'!$B9*2/'[2]Probe Params'!$F$26)*($F$3/'[2]Probe Params'!$B$29)^('Harmonics P3A QO1H01'!F$6-1) -> 0.00034625339 | G9: =('[2]Data P3A QO1H01 200A'!F26*G$6/'[2]Probe Params'!H28)/('Harmonics P3A QO1H01'!$B9*2/'[2]Probe Params'!$F$26)*($F$3/'[2]Probe Params'!$B$29)^('Harmonics P3A QO1H01'!G$6-1) -> 0.00036251768 | H9: =('[2]Data P3A QO1H01 200A'!G26*H$6/'[2]Probe Params'!I28)/('Harmonics P3A QO1H01'!$B9*2/'[2]Probe Params'!$F$26)*($F$3/'[2]Probe Params'!$B$29)^('Harmonics P3A QO1H01'!H$6-1) -> 0.0011561081 | I9: =('[2]Data P3A QO1H01 200A'!H26*I$6/'[2]Probe Params'!J28)/('Harmonics P3A QO1H01'!$B9*2/'[2]Probe Params'!$F$26)*($F$3/'[2]Probe Params'!$B$29)^('Harmonics P3A QO1H01'!I$6-1) -> 0.014386994 | J9: =('[2]Data P3A QO1H01 200A'!I26*J$6/'[2]Probe Params'!K28)/('Harmonics P3A QO1H01'!$B9*2/'[2]Probe Params'!$F$26)*($F$3/'[2]Probe Params'!$B$29)^('Harmonics P3A QO1H01'!J$6-1) -> 0.00011629183 | K9: =('[2]Data P3A QO1H01 200A'!J26*K$6/'[2]Probe Params'!L28)/('Harmonics P3A QO1H01'!$B9*2/'[2]Probe Params'!$F$26)*($F$3/'[2]Probe Params'!$B$29)^('Harmonics P3A QO1H01'!K$6-1) -> 2.6884666e-05 | L9: =('[2]Data P3A QO1H01 200A'!K26*L$6/'[2]Probe Params'!M28)/('Harmonics P3A QO1H01'!$B9*2/'[2]Probe Params'!$F$26)*($F$3/'[2]Probe Params'!$B$29)^('Harmonics P3A QO1H01'!L$6-1) -> 7.2208186e-05 | M9: =('[2]Data P3A QO1H01 200A'!L26*M$6/'[2]Probe Params'!N28)/('Harmonics P3A QO1H01'!$B9*2/'[2]Probe Params'!$F$26)*($F$3/'[2]Probe Params'!$B$29)^('Harmonics P3A QO1H01'!M$6-1) -> 0.00055629887 | ... W9: =('[2]Data P3A QO1H01 200A'!V26*W$6/'[2]Probe Params'!X28)/('Harmonics P3A QO1H01'!$B9*2/'[2]Probe Params'!$F$26)*($F$3/'[2]Probe Params'!$B$29)^('Harmonics P3A QO1H01'!W$6-1) -> 3.6700336e-05
A10: ='[2]Data P3A QO1H01 300A'!D22 -> 118079.47 | B10: =A10 -> 118079.47 | D10: ='[2]Data P3A QO1H01 300A'!A22 -> 299.963 | E10: =B10 -> 118079.47 | F10: =('[2]Data P3A QO1H01 300A'!E26*F$6/'[2]Probe Params'!G28)/('Harmonics P3A QO1H01'!$B10*2/'[2]Probe Params'!$F$26)*($F$3/'[2]Probe Params'!$B$29)^('Harmonics P3A QO1H01'!F$6-1) -> 0.00035012524 | G10: =('[2]Data P3A QO1H01 300A'!F26*G$6/'[2]Probe Params'!H28)/('Harmonics P3A QO1H01'!$B10*2/'[2]Probe Params'!$F$26)*($F$3/'[2]Probe Params'!$B$29)^('Harmonics P3A QO1H01'!G$6-1) -> 0.00036272192 | H10: =('[2]Data P3A QO1H01 300A'!G26*H$6/'[2]Probe Params'!I28)/('Harmonics P3A QO1H01'!$B10*2/'[2]Probe Params'!$F$26)*($F$3/'[2]Probe Params'!$B$29)^('Harmonics P3A QO1H01'!H$6-1) -> 0.001155842 | I10: =('[2]Data P3A QO1H01 300A'!H26*I$6/'[2]Probe Params'!J28)/('Harmonics P3A QO1H01'!$B10*2/'[2]Probe Params'!$F$26)*($F$3/'[2]Probe Params'!$B$29)^('Harmonics P3A QO1H01'!I$6-1) -> 0.014408424 | J10: =('[2]Data P3A QO1H01 300A'!I26*J$6/'[2]Probe Params'!K28)/('Harmonics P3A QO1H01'!$B10*2/'[2]Probe Params'!$F$26)*($F$3/'[2]Probe Params'!$B$29)^('Harmonics P3A QO1H01'!J$6-1) -> 0.00012447555 | K10: =('[2]Data P3A QO1H01 300A'!J26*K$6/'[2]Probe Params'!L28)/('Harmonics P3A QO1H01'!$B10*2/'[2]Probe Params'!$F$26)*($F$3/'[2]Probe Params'!$B$29)^('Harmonics P3A QO1H01'!K$6-1) -> 3.2385769e-05 | L10: =('[2]Data P3A QO1H01 300A'!K26*L$6/'[2]Probe Params'!M28)/('Harmonics P3A QO1H01'!$B10*2/'[2]Probe Params'!$F$26)*($F$3/'[2]Probe Params'!$B$29)^('Harmonics P3A QO1H01'!L$6-1) -> 6.7374131e-05 | M10: =('[2]Data P3A QO1H01 300A'!L26*M$6/'[2]Probe Params'!N28)/('Harmonics P3A QO1H01'!$B10*2/'[2]Probe Params'!$F$26)*($F$3/'[2]Probe Params'!$B$29)^('Harmonics P3A QO1H01'!M$6-1) -> 0.00055838642 | ... W10: =('[2]Data P3A QO1H01 300A'!V26*W$6/'[2]Probe Params'!X28)/('Harmonics P3A QO1H01'!$B10*2/'[2]Probe Params'!$F$26)*($F$3/'[2]Probe Params'!$B$29)^('Harmonics P3A QO1H01'!W$6-1) -> 9.9131703e-06
B14: Pole Radius = | D14: 5.08 | E14: cm.
